2026-09-20	35545899185	pr	22	86.16%
2026-09-21	35546860021	pr	22	86.16%
2026-09-21	35546936811	main	a62e260163bd34886ee13c04a1c8837e5474accd	86.16%
2026-09-22	35717409327	pr	23	86.16%
2026-09-22	35717517455	main	9c5bf51dd698c7e19a3abd27c18ec409a5ed527c	86.16%
2026-09-23	35869541298	pr	24	86.16%
2026-09-23	35869735702	main	e0d592b98b4f1566cbd47b165b704b662d3ca4ab	86.16%
2026-09-23	35913702070	pr	25	86.16%
2026-09-23	35913850765	main	bc283de49dbfecddfbe5a36f268d280f409ab4ad	86.16%
2026-09-23	35929897466	pr	26	86.16%
2026-09-23	35930040436	main	94cedce58658e95f6e850fbc9dd616dd4f9e9c67	86.16%
